{
  "fields": {
    "active": 1349197824,
    "available": 22104285184,
    "available_percent": 82.66079788277739,
    "buffered": 129998848,
    "cached": 2435342336,
    "commit_limit": 20886667264,
    "committed_as": 7368843264,
    "dirty": 135168,
    "free": 19900665856,
    "high_free": 0,
    "high_total": 0,
    "huge_page_size": 2097152,
    "huge_pages_free": 0,
    "huge_pages_total": 0,
    "inactive": 5180788736,
    "low_free": 0,
    "low_total": 0,
    "mapped": 497258496,
    "page_tables": 19746816,
    "shared": 6397952,
    "slab": 141058048,
    "sreclaimable": 65892352,
    "sunreclaim": 75165696,
    "swap_cached": 6754304,
    "swap_free": 7489294336,
    "swap_total": 7516192768,
    "total": 26740953088,
    "used": 4274946048,
    "used_percent": 15.986513397379174,
    "vmalloc_chunk": 0,
    "vmalloc_total": 35184372087808,
    "vmalloc_used": 47562752,
    "write_back": 0,
    "write_back_tmp": 0
  },
  "name": "mem",
  "tags": {
    "dc": "ditto-monitoring-agent",
    "host": "SINTEFPC8827",
    "metric_source": "mem"
  },
  "timestamp": 1698767460
}
